rank_title,google_absolute_volume,google_surge_ratio,naver_trend_sum,naver_growth_slope,naver_daily_ratio
강풍 경보,200000.0,600.0,0.36,0.03,"[{'period': '2026-02-20', 'ratio': 0.01141}, {'period': '2026-02-21', 'ratio': 0.04507}, {'period': '2026-02-22', 'ratio': 0.26533}, {'period': '2026-02-23', 'ratio': 0.04165}]"
thời tiết ngày mai,2000.0,100.0,0.0,0.0,[]
일기예보,500.0,200.0,131.11,2.63,"[{'period': '2026-02-17', 'ratio': 11.59905}, {'period': '2026-02-18', 'ratio': 14.02249}, {'period': '2026-02-19', 'ratio': 16.29642}, {'period': '2026-02-20', 'ratio': 16.83509}, {'period': '2026-02-21', 'ratio': 19.03655}, {'period': '2026-02-22', 'ratio': 26.11514}, {'period': '2026-02-23', 'ratio': 27.20046}]"
대구 날씨,500.0,100.0,457.31,9.74,"[{'period': '2026-02-17', 'ratio': 38.97185}, {'period': '2026-02-18', 'ratio': 48.57829}, {'period': '2026-02-19', 'ratio': 56.94476}, {'period': '2026-02-20', 'ratio': 58.28744}, {'period': '2026-02-21', 'ratio': 65.30611}, {'period': '2026-02-22', 'ratio': 89.2175}, {'period': '2026-02-23', 'ratio': 100}]"
cuaca besok,1000.0,200.0,0.0,0.0,[]
날씨예보,200.0,100.0,480.77,10.29,"[{'period': '2026-02-17', 'ratio': 39.24141}, {'period': '2026-02-18', 'ratio': 51.90953}, {'period': '2026-02-19', 'ratio': 58.70715}, {'period': '2026-02-20', 'ratio': 60.93126}, {'period': '2026-02-21', 'ratio': 71.55448}, {'period': '2026-02-22', 'ratio': 98.42955}, {'period': '2026-02-23', 'ratio': 100}]"
오늘의 날씨,100.0,100.0,90.73,1.65,"[{'period': '2026-02-17', 'ratio': 8.0897}, {'period': '2026-02-18', 'ratio': 9.96846}, {'period': '2026-02-19', 'ratio': 11.97522}, {'period': '2026-02-20', 'ratio': 11.7764}, {'period': '2026-02-21', 'ratio': 12.78032}, {'period': '2026-02-22', 'ratio': 18.73525}, {'period': '2026-02-23', 'ratio': 17.4034}]"
울산날씨,100.0,400.0,176.31,3.61,"[{'period': '2026-02-17', 'ratio': 16.58032}, {'period': '2026-02-18', 'ratio': 19.64059}, {'period': '2026-02-19', 'ratio': 21.69583}, {'period': '2026-02-20', 'ratio': 21.55257}, {'period': '2026-02-21', 'ratio': 22.71065}, {'period': '2026-02-22', 'ratio': 33.17427}, {'period': '2026-02-23', 'ratio': 40.95185}]"
天気,100.0,200.0,0.01,0.0,"[{'period': '2026-02-18', 'ratio': 0.00272}, {'period': '2026-02-20', 'ratio': 0.00435}, {'period': '2026-02-22', 'ratio': 0.00272}, {'period': '2026-02-23', 'ratio': 0.00381}]"
wind warning,100.0,300.0,0.0,0.0,[]
