rank_title,total_score,google_absolute_volume,google_surge_ratio,naver_trend_sum,naver_growth_slope
강풍 경보,50.07,200000.0,600.0,0.36,0.03
날씨예보,50.02,200.0,100.0,480.77,10.29
대구 날씨,47.56,500.0,100.0,457.31,9.74
울산날씨,27.1,100.0,400.0,176.31,3.61
일기예보,16.45,500.0,200.0,131.11,2.63
오늘의 날씨,9.01,100.0,100.0,90.73,1.65
wind warning,6.0,100.0,300.0,0.0,0.0
cuaca besok,3.16,1000.0,200.0,0.0,0.0
天気,3.0,100.0,200.0,0.01,0.0
thời tiết ngày mai,0.33,2000.0,100.0,0.0,0.0
